month,avg_transaction_value
2018-06,140.35301345144356
2018-07,140.91723034437948
2018-08,132.03851991812314
