month,avg_items
2018-06,1.1494422572178478
2018-07,1.1306042884990253
2018-08,1.1245473153834042
